split,seed,architecture,score_source,decision,budget,annotation_category,n_events,detected_events,event_onset_recall,false_alarm_events,normal_hours,false_alarms_per_hour,avg_detection_time_s,max_detection_time_s
split_00,0,dense_ae,dense_ae_relerr,threshold,critical,Actuator Controls,17,0,0.0,2,0.5114270366666666,3.9106262606596265,,
split_00,0,dense_ae,dense_ae_relerr,threshold,critical,Actuator Outputs,25,1,0.04,4,0.7446180683333333,5.3718814652901665,3.9689970000000017,3.9689970000000017
split_00,0,dense_ae,dense_ae_relerr,threshold,critical,Actuator Outputs+Controls,42,1,0.023809523809523808,6,1.2128293091666666,4.947109996972774,3.9689970000000017,3.9689970000000017
split_00,0,dense_ae,dense_ae_relerr,threshold,critical,Actuator Thrust,2,0,0.0,0,0.06510427361111108,0.0,,
split_00,0,dense_ae,dense_ae_relerr,threshold,critical,Battery,2,0,0.0,0,0.06345890611111113,0.0,,
split_00,0,dense_ae,dense_ae_relerr,threshold,critical,Position.X,145,59,0.4068965517241379,81,2.3575775725,34.35730002898982,6.3875246610169505,53.089595
split_00,0,dense_ae,dense_ae_relerr,threshold,critical,Position.Y,96,34,0.3541666666666667,69,1.713746643611111,40.262660911537694,5.1398919117647095,10.077571000000006
split_00,0,dense_ae,dense_ae_relerr,threshold,critical,Position.Z,121,1,0.008264462809917356,0,1.5845958772222224,0.0,24.99839300000002,24.99839300000002
split_00,0,dense_ae,dense_ae_relerr,threshold,critical,Velocity,2,2,1.0,0,0.0036470161111110933,0.0,4.523490999999979,4.980281999999988
split_00,0,dense_ae,dense_ae_relerr,k_of_n,critical,Actuator Controls,17,0,0.0,2,0.5114270366666666,3.9106262606596265,,
split_00,0,dense_ae,dense_ae_relerr,k_of_n,critical,Actuator Outputs,25,0,0.0,4,0.7446180683333333,5.3718814652901665,,
split_00,0,dense_ae,dense_ae_relerr,k_of_n,critical,Actuator Outputs+Controls,42,0,0.0,6,1.2128293091666666,4.947109996972774,,
split_00,0,dense_ae,dense_ae_relerr,k_of_n,critical,Actuator Thrust,2,0,0.0,0,0.06510427361111108,0.0,,
split_00,0,dense_ae,dense_ae_relerr,k_of_n,critical,Battery,2,0,0.0,0,0.06345890611111113,0.0,,
split_00,0,dense_ae,dense_ae_relerr,k_of_n,critical,Position.X,145,46,0.31724137931034485,77,2.3575775725,32.66064323743477,7.634781652173915,55.094088
split_00,0,dense_ae,dense_ae_relerr,k_of_n,critical,Position.Y,96,23,0.23958333333333334,63,1.713746643611111,36.761559962708326,7.007843608695652,14.994827999999998
split_00,0,dense_ae,dense_ae_relerr,k_of_n,critical,Position.Z,121,0,0.0,1,1.5845958772222224,0.6310757300170363,,
split_00,0,dense_ae,dense_ae_relerr,k_of_n,critical,Velocity,2,2,1.0,0,0.0036470161111110933,0.0,6.505766499999993,7.008757999999943
split_00,0,dense_ae,dense_ae_relerr,cusum,critical,Actuator Controls,17,0,0.0,2,0.5114270366666666,3.9106262606596265,,
split_00,0,dense_ae,dense_ae_relerr,cusum,critical,Actuator Outputs,25,0,0.0,2,0.7446180683333333,2.6859407326450833,,
split_00,0,dense_ae,dense_ae_relerr,cusum,critical,Actuator Outputs+Controls,42,0,0.0,4,1.2128293091666666,3.298073331315183,,
split_00,0,dense_ae,dense_ae_relerr,cusum,critical,Actuator Thrust,2,0,0.0,0,0.06510427361111108,0.0,,
split_00,0,dense_ae,dense_ae_relerr,cusum,critical,Battery,2,0,0.0,0,0.06345890611111113,0.0,,
split_00,0,dense_ae,dense_ae_relerr,cusum,critical,Position.X,145,32,0.2206896551724138,26,2.3575775725,11.028269145107844,23.304133125,73.130816
split_00,0,dense_ae,dense_ae_relerr,cusum,critical,Position.Y,96,18,0.1875,48,1.713746643611111,28.008807590634916,19.746379111111118,50.00577700000002
split_00,0,dense_ae,dense_ae_relerr,cusum,critical,Position.Z,121,0,0.0,2,1.5845958772222224,1.2621514600340726,,
split_00,0,dense_ae,dense_ae_relerr,cusum,critical,Velocity,2,2,1.0,0,0.0036470161111110933,0.0,23.526607000000013,27.027106000000003
split_00,0,dense_ae,dense_ae_relerr,threshold,advisory,Actuator Controls,17,0,0.0,2,0.5114270366666666,3.9106262606596265,,
split_00,0,dense_ae,dense_ae_relerr,threshold,advisory,Actuator Outputs,25,1,0.04,11,0.7446180683333333,14.772674029547957,3.9689970000000017,3.9689970000000017
split_00,0,dense_ae,dense_ae_relerr,threshold,advisory,Actuator Outputs+Controls,42,1,0.023809523809523808,13,1.2128293091666666,10.718738326774345,3.9689970000000017,3.9689970000000017
split_00,0,dense_ae,dense_ae_relerr,threshold,advisory,Actuator Thrust,2,0,0.0,0,0.06510427361111108,0.0,,
split_00,0,dense_ae,dense_ae_relerr,threshold,advisory,Battery,2,0,0.0,2,0.06345890611111113,31.516458800884003,,
split_00,0,dense_ae,dense_ae_relerr,threshold,advisory,Position.X,145,70,0.4827586206896552,168,2.3575775725,71.25958524531222,4.154058500000001,28.051547
split_00,0,dense_ae,dense_ae_relerr,threshold,advisory,Position.Y,96,33,0.34375,101,1.713746643611111,58.935199305294304,4.481669151515151,29.050435999999998
split_00,0,dense_ae,dense_ae_relerr,threshold,advisory,Position.Z,121,17,0.14049586776859505,68,1.5845958772222224,42.91314964115847,7.469800117647054,31.96318199999999
split_00,0,dense_ae,dense_ae_relerr,threshold,advisory,Velocity,2,2,1.0,0,0.0036470161111110933,0.0,4.523490999999979,4.980281999999988
split_00,0,dense_ae,dense_ae_relerr,k_of_n,advisory,Actuator Controls,17,0,0.0,3,0.5114270366666666,5.86593939098944,,
split_00,0,dense_ae,dense_ae_relerr,k_of_n,advisory,Actuator Outputs,25,0,0.0,9,0.7446180683333333,12.086733296902874,,
split_00,0,dense_ae,dense_ae_relerr,k_of_n,advisory,Actuator Outputs+Controls,42,0,0.0,12,1.2128293091666666,9.894219993945548,,
split_00,0,dense_ae,dense_ae_relerr,k_of_n,advisory,Actuator Thrust,2,0,0.0,0,0.06510427361111108,0.0,,
split_00,0,dense_ae,dense_ae_relerr,k_of_n,advisory,Battery,2,0,0.0,1,0.06345890611111113,15.758229400442001,,
split_00,0,dense_ae,dense_ae_relerr,k_of_n,advisory,Position.X,145,57,0.3931034482758621,125,2.3575775725,53.0205247360954,5.568883912280697,30.054802999999993
split_00,0,dense_ae,dense_ae_relerr,k_of_n,advisory,Position.Y,96,23,0.23958333333333334,87,1.713746643611111,50.76596375802579,6.621697956521742,31.054261000000004
split_00,0,dense_ae,dense_ae_relerr,k_of_n,advisory,Position.Z,121,14,0.11570247933884298,82,1.5845958772222224,51.74820986139697,6.99555871428571,31.96318199999999
split_00,0,dense_ae,dense_ae_relerr,k_of_n,advisory,Velocity,2,2,1.0,0,0.0036470161111110933,0.0,5.9986299999999915,6.002775000000042
split_00,0,dense_ae,dense_ae_relerr,cusum,advisory,Actuator Controls,17,0,0.0,3,0.5114270366666666,5.86593939098944,,
split_00,0,dense_ae,dense_ae_relerr,cusum,advisory,Actuator Outputs,25,0,0.0,4,0.7446180683333333,5.3718814652901665,,
split_00,0,dense_ae,dense_ae_relerr,cusum,advisory,Actuator Outputs+Controls,42,0,0.0,7,1.2128293091666666,5.77162832980157,,
split_00,0,dense_ae,dense_ae_relerr,cusum,advisory,Actuator Thrust,2,0,0.0,0,0.06510427361111108,0.0,,
split_00,0,dense_ae,dense_ae_relerr,cusum,advisory,Battery,2,0,0.0,0,0.06345890611111113,0.0,,
split_00,0,dense_ae,dense_ae_relerr,cusum,advisory,Position.X,145,47,0.32413793103448274,103,2.3575775725,43.68891238254261,13.701620276595737,61.01619200000002
split_00,0,dense_ae,dense_ae_relerr,cusum,advisory,Position.Y,96,44,0.4583333333333333,92,1.713746643611111,53.683547882050256,10.597751159090913,33.98957600000003
split_00,0,dense_ae,dense_ae_relerr,cusum,advisory,Position.Z,121,9,0.0743801652892562,19,1.5845958772222224,11.99043887032369,29.3415831111111,72.98114900000002
split_00,0,dense_ae,dense_ae_relerr,cusum,advisory,Velocity,2,2,1.0,0,0.0036470161111110933,0.0,9.046014999999954,10.055813999999941
split_00,0,dense_ae,dense_ae_rankpct,threshold,critical,Actuator Controls,17,0,0.0,1,0.5114270366666666,1.9553131303298132,,
split_00,0,dense_ae,dense_ae_rankpct,threshold,critical,Actuator Outputs,25,1,0.04,5,0.7446180683333333,6.714851831612708,3.9689970000000017,3.9689970000000017
split_00,0,dense_ae,dense_ae_rankpct,threshold,critical,Actuator Outputs+Controls,42,1,0.023809523809523808,6,1.2128293091666666,4.947109996972774,3.9689970000000017,3.9689970000000017
split_00,0,dense_ae,dense_ae_rankpct,threshold,critical,Actuator Thrust,2,0,0.0,0,0.06510427361111108,0.0,,
split_00,0,dense_ae,dense_ae_rankpct,threshold,critical,Battery,2,0,0.0,1,0.06345890611111113,15.758229400442001,,
split_00,0,dense_ae,dense_ae_rankpct,threshold,critical,Position.X,145,79,0.5448275862068965,84,2.3575775725,35.62979262265611,5.6266366835443025,28.972489000000024
split_00,0,dense_ae,dense_ae_rankpct,threshold,critical,Position.Y,96,33,0.34375,46,1.713746643611111,26.841773941025128,8.142754666666669,62.948477000000025
split_00,0,dense_ae,dense_ae_rankpct,threshold,critical,Position.Z,121,2,0.01652892561983471,5,1.5845958772222224,3.1553786500851815,13.4664085,24.99839300000002
split_00,0,dense_ae,dense_ae_rankpct,threshold,critical,Velocity,2,2,1.0,0,0.0036470161111110933,0.0,4.523490999999979,4.980281999999988
split_00,0,dense_ae,dense_ae_rankpct,k_of_n,critical,Actuator Controls,17,0,0.0,1,0.5114270366666666,1.9553131303298132,,
split_00,0,dense_ae,dense_ae_rankpct,k_of_n,critical,Actuator Outputs,25,0,0.0,6,0.7446180683333333,8.05782219793525,,
split_00,0,dense_ae,dense_ae_rankpct,k_of_n,critical,Actuator Outputs+Controls,42,0,0.0,7,1.2128293091666666,5.77162832980157,,
split_00,0,dense_ae,dense_ae_rankpct,k_of_n,critical,Actuator Thrust,2,0,0.0,0,0.06510427361111108,0.0,,
split_00,0,dense_ae,dense_ae_rankpct,k_of_n,critical,Battery,2,0,0.0,1,0.06345890611111113,15.758229400442001,,
split_00,0,dense_ae,dense_ae_rankpct,k_of_n,critical,Position.X,145,57,0.3931034482758621,76,2.3575775725,32.236479039546005,6.510438333333335,30.054802999999993
split_00,0,dense_ae,dense_ae_rankpct,k_of_n,critical,Position.Y,96,24,0.25,45,1.713746643611111,26.258257116220236,9.776069416666676,63.961658
split_00,0,dense_ae,dense_ae_rankpct,k_of_n,critical,Position.Z,121,1,0.008264462809917356,7,1.5845958772222224,4.417530110119254,2.9519789999999944,2.9519789999999944
split_00,0,dense_ae,dense_ae_rankpct,k_of_n,critical,Velocity,2,2,1.0,0,0.0036470161111110933,0.0,6.505766499999993,7.008757999999943
split_00,0,dense_ae,dense_ae_rankpct,cusum,critical,Actuator Controls,17,0,0.0,2,0.5114270366666666,3.9106262606596265,,
split_00,0,dense_ae,dense_ae_rankpct,cusum,critical,Actuator Outputs,25,0,0.0,2,0.7446180683333333,2.6859407326450833,,
split_00,0,dense_ae,dense_ae_rankpct,cusum,critical,Actuator Outputs+Controls,42,0,0.0,4,1.2128293091666666,3.298073331315183,,
split_00,0,dense_ae,dense_ae_rankpct,cusum,critical,Actuator Thrust,2,0,0.0,0,0.06510427361111108,0.0,,
split_00,0,dense_ae,dense_ae_rankpct,cusum,critical,Battery,2,0,0.0,0,0.06345890611111113,0.0,,
split_00,0,dense_ae,dense_ae_rankpct,cusum,critical,Position.X,145,23,0.15862068965517243,32,2.3575775725,13.573254332440424,28.959788000000003,73.86537400000002
split_00,0,dense_ae,dense_ae_rankpct,cusum,critical,Position.Y,96,15,0.15625,24,1.713746643611111,14.004403795317458,21.363367866666678,48.987712000000045
split_00,0,dense_ae,dense_ae_rankpct,cusum,critical,Position.Z,121,0,0.0,2,1.5845958772222224,1.2621514600340726,,
split_00,0,dense_ae,dense_ae_rankpct,cusum,critical,Velocity,2,2,1.0,0,0.0036470161111110933,0.0,23.020158500000036,23.99349600000005
split_00,0,dense_ae,dense_ae_rankpct,threshold,advisory,Actuator Controls,17,0,0.0,2,0.5114270366666666,3.9106262606596265,,
split_00,0,dense_ae,dense_ae_rankpct,threshold,advisory,Actuator Outputs,25,3,0.12,15,0.7446180683333333,20.144555494838123,20.98849199999997,38.040696999999966
split_00,0,dense_ae,dense_ae_rankpct,threshold,advisory,Actuator Outputs+Controls,42,3,0.07142857142857142,17,1.2128293091666666,14.016811658089527,20.98849199999997,38.040696999999966
split_00,0,dense_ae,dense_ae_rankpct,threshold,advisory,Actuator Thrust,2,0,0.0,0,0.06510427361111108,0.0,,
split_00,0,dense_ae,dense_ae_rankpct,threshold,advisory,Battery,2,0,0.0,2,0.06345890611111113,31.516458800884003,,
split_00,0,dense_ae,dense_ae_rankpct,threshold,advisory,Position.X,145,79,0.5448275862068965,144,2.3575775725,61.0796444959819,4.713393367088609,30.583275
split_00,0,dense_ae,dense_ae_rankpct,threshold,advisory,Position.Y,96,35,0.3645833333333333,111,1.713746643611111,64.77036755334325,12.152263057142854,167.98227799999995
split_00,0,dense_ae,dense_ae_rankpct,threshold,advisory,Position.Z,121,8,0.06611570247933884,41,1.5845958772222224,25.874104930698486,4.639269249999998,13.011123999999995
split_00,0,dense_ae,dense_ae_rankpct,threshold,advisory,Velocity,2,2,1.0,1,0.0036470161111110933,274.1967596340949,4.01408749999996,4.066699999999969
split_00,0,dense_ae,dense_ae_rankpct,k_of_n,advisory,Actuator Controls,17,0,0.0,2,0.5114270366666666,3.9106262606596265,,
split_00,0,dense_ae,dense_ae_rankpct,k_of_n,advisory,Actuator Outputs,25,1,0.04,11,0.7446180683333333,14.772674029547957,2.9485919999999624,2.9485919999999624
split_00,0,dense_ae,dense_ae_rankpct,k_of_n,advisory,Actuator Outputs+Controls,42,1,0.023809523809523808,13,1.2128293091666666,10.718738326774345,2.9485919999999624,2.9485919999999624
split_00,0,dense_ae,dense_ae_rankpct,k_of_n,advisory,Actuator Thrust,2,0,0.0,0,0.06510427361111108,0.0,,
split_00,0,dense_ae,dense_ae_rankpct,k_of_n,advisory,Battery,2,0,0.0,1,0.06345890611111113,15.758229400442001,,
split_00,0,dense_ae,dense_ae_rankpct,k_of_n,advisory,Position.X,145,55,0.3793103448275862,112,2.3575775725,47.50639016354148,5.9703724727272744,41.084288000000015
split_00,0,dense_ae,dense_ae_rankpct,k_of_n,advisory,Position.Y,96,29,0.3020833333333333,80,1.713746643611111,46.68134598439153,16.176644448275866,168.9904059999999
split_00,0,dense_ae,dense_ae_rankpct,k_of_n,advisory,Position.Z,121,6,0.049586776859504134,31,1.5845958772222224,19.563347630528124,3.659518333333329,14.024928999999986
split_00,0,dense_ae,dense_ae_rankpct,k_of_n,advisory,Velocity,2,2,1.0,1,0.0036470161111110933,274.1967596340949,5.491528500000015,6.002775000000042
split_00,0,dense_ae,dense_ae_rankpct,cusum,advisory,Actuator Controls,17,0,0.0,3,0.5114270366666666,5.86593939098944,,
split_00,0,dense_ae,dense_ae_rankpct,cusum,advisory,Actuator Outputs,25,0,0.0,8,0.7446180683333333,10.743762930580333,,
split_00,0,dense_ae,dense_ae_rankpct,cusum,advisory,Actuator Outputs+Controls,42,0,0.0,11,1.2128293091666666,9.069701661116753,,
split_00,0,dense_ae,dense_ae_rankpct,cusum,advisory,Actuator Thrust,2,0,0.0,0,0.06510427361111108,0.0,,
split_00,0,dense_ae,dense_ae_rankpct,cusum,advisory,Battery,2,0,0.0,0,0.06345890611111113,0.0,,
split_00,0,dense_ae,dense_ae_rankpct,cusum,advisory,Position.X,145,62,0.42758620689655175,99,2.3575775725,41.99225559098756,12.484319758064514,40.883005999999995
split_00,0,dense_ae,dense_ae_rankpct,cusum,advisory,Position.Y,96,35,0.3645833333333333,84,1.713746643611111,49.0154132836111,17.780142742857144,53.04146999999989
split_00,0,dense_ae,dense_ae_rankpct,cusum,advisory,Position.Z,121,11,0.09090909090909091,29,1.5845958772222224,18.301196170494052,25.893361909090903,84.97321199999999
split_00,0,dense_ae,dense_ae_rankpct,cusum,advisory,Velocity,2,2,1.0,0,0.0036470161111110933,0.0,7.015350499999954,8.036215999999968
split_01,1,dense_ae,dense_ae_relerr,threshold,critical,Actuator Controls,17,0,0.0,1,0.5114270366666666,1.9553131303298132,,
split_01,1,dense_ae,dense_ae_relerr,threshold,critical,Actuator Outputs,25,1,0.04,4,0.7446180683333333,5.3718814652901665,3.9689970000000017,3.9689970000000017
split_01,1,dense_ae,dense_ae_relerr,threshold,critical,Actuator Outputs+Controls,42,1,0.023809523809523808,5,1.2128293091666666,4.122591664143979,3.9689970000000017,3.9689970000000017
split_01,1,dense_ae,dense_ae_relerr,threshold,critical,Actuator Thrust,2,0,0.0,0,0.06510427361111108,0.0,,
split_01,1,dense_ae,dense_ae_relerr,threshold,critical,Battery,2,0,0.0,0,0.06345890611111113,0.0,,
split_01,1,dense_ae,dense_ae_relerr,threshold,critical,Position.X,145,59,0.4068965517241379,63,2.3575775725,26.722344466992084,4.386543915254237,28.051547
split_01,1,dense_ae,dense_ae_relerr,threshold,critical,Position.Y,96,32,0.3333333333333333,46,1.713746643611111,26.841773941025128,4.19176628125,29.050435999999998
split_01,1,dense_ae,dense_ae_relerr,threshold,critical,Position.Z,121,2,0.01652892561983471,1,1.5845958772222224,0.6310757300170363,17.483569500000016,24.99839300000002
split_01,1,dense_ae,dense_ae_relerr,threshold,critical,Velocity,2,2,1.0,0,0.0036470161111110933,0.0,4.523490999999979,4.980281999999988
split_01,1,dense_ae,dense_ae_relerr,k_of_n,critical,Actuator Controls,17,0,0.0,15,0.5114270366666666,29.3296969549472,,
split_01,1,dense_ae,dense_ae_relerr,k_of_n,critical,Actuator Outputs,25,1,0.04,34,0.7446180683333333,45.66099245496642,0.0,0.0
split_01,1,dense_ae,dense_ae_relerr,k_of_n,critical,Actuator Outputs+Controls,42,1,0.023809523809523808,42,1.2128293091666666,34.62976997880942,0.0,0.0
split_01,1,dense_ae,dense_ae_relerr,k_of_n,critical,Actuator Thrust,2,0,0.0,0,0.06510427361111108,0.0,,
split_01,1,dense_ae,dense_ae_relerr,k_of_n,critical,Battery,2,0,0.0,0,0.06345890611111113,0.0,,
split_01,1,dense_ae,dense_ae_relerr,k_of_n,critical,Position.X,145,52,0.3586206896551724,78,2.3575775725,33.08480743532353,4.283953942307691,29.053687999999994
split_01,1,dense_ae,dense_ae_relerr,k_of_n,critical,Position.Y,96,29,0.3020833333333333,46,1.713746643611111,26.841773941025128,4.628857448275864,30.052642
split_01,1,dense_ae,dense_ae_relerr,k_of_n,critical,Position.Z,121,9,0.0743801652892562,23,1.5845958772222224,14.514741790391835,4.089428777777777,20.018408000000022
split_01,1,dense_ae,dense_ae_relerr,k_of_n,critical,Velocity,2,2,1.0,0,0.0036470161111110933,0.0,5.489559999999983,5.9944849999999406
split_01,1,dense_ae,dense_ae_relerr,cusum,critical,Actuator Controls,17,0,0.0,7,0.5114270366666666,13.687191912308693,,
split_01,1,dense_ae,dense_ae_relerr,cusum,critical,Actuator Outputs,25,0,0.0,10,0.7446180683333333,13.429703663225416,,
split_01,1,dense_ae,dense_ae_relerr,cusum,critical,Actuator Outputs+Controls,42,0,0.0,16,1.2128293091666666,13.192293325260732,,
split_01,1,dense_ae,dense_ae_relerr,cusum,critical,Actuator Thrust,2,0,0.0,0,0.06510427361111108,0.0,,
split_01,1,dense_ae,dense_ae_relerr,cusum,critical,Battery,2,0,0.0,0,0.06345890611111113,0.0,,
split_01,1,dense_ae,dense_ae_relerr,cusum,critical,Position.X,145,25,0.1724137931034483,47,2.3575775725,19.935717300771874,29.359634560000003,91.166051
split_01,1,dense_ae,dense_ae_relerr,cusum,critical,Position.Y,96,22,0.22916666666666666,55,1.713746643611111,32.09342536426917,26.73956431818181,57.842783
split_01,1,dense_ae,dense_ae_relerr,cusum,critical,Position.Z,121,4,0.03305785123966942,6,1.5845958772222224,3.7864543801022177,20.768324500000013,53.98689999999999
split_01,1,dense_ae,dense_ae_relerr,cusum,critical,Velocity,2,2,1.0,0,0.0036470161111110933,0.0,29.016749000000004,34.04000199999996
split_01,1,dense_ae,dense_ae_relerr,threshold,advisory,Actuator Controls,17,0,0.0,18,0.5114270366666666,35.19563634593664,,
split_01,1,dense_ae,dense_ae_relerr,threshold,advisory,Actuator Outputs,25,4,0.16,18,0.7446180683333333,24.17346659380575,14.247332499999999,25.03756900000002
split_01,1,dense_ae,dense_ae_relerr,threshold,advisory,Actuator Outputs+Controls,42,4,0.09523809523809523,34,1.2128293091666666,28.033623316179053,14.247332499999999,25.03756900000002
split_01,1,dense_ae,dense_ae_relerr,threshold,advisory,Actuator Thrust,2,0,0.0,0,0.06510427361111108,0.0,,
split_01,1,dense_ae,dense_ae_relerr,threshold,advisory,Battery,2,0,0.0,1,0.06345890611111113,15.758229400442001,,
split_01,1,dense_ae,dense_ae_relerr,threshold,advisory,Position.X,145,53,0.36551724137931035,168,2.3575775725,71.25958524531222,3.323195886792452,28.051547
split_01,1,dense_ae,dense_ae_relerr,threshold,advisory,Position.Y,96,29,0.3020833333333333,92,1.713746643611111,53.683547882050256,3.764260724137932,29.050435999999998
split_01,1,dense_ae,dense_ae_relerr,threshold,advisory,Position.Z,121,11,0.09090909090909091,67,1.5845958772222224,42.28207391114143,10.279016818181818,82.053406
split_01,1,dense_ae,dense_ae_relerr,threshold,advisory,Velocity,2,2,1.0,0,0.0036470161111110933,0.0,4.523490999999979,4.980281999999988
split_01,1,dense_ae,dense_ae_relerr,k_of_n,advisory,Actuator Controls,17,0,0.0,13,0.5114270366666666,25.419070694287573,,
split_01,1,dense_ae,dense_ae_relerr,k_of_n,advisory,Actuator Outputs,25,1,0.04,25,0.7446180683333333,33.57425915806354,6.0008669999999995,6.0008669999999995
split_01,1,dense_ae,dense_ae_relerr,k_of_n,advisory,Actuator Outputs+Controls,42,1,0.023809523809523808,37,1.2128293091666666,30.507178314665442,6.0008669999999995,6.0008669999999995
split_01,1,dense_ae,dense_ae_relerr,k_of_n,advisory,Actuator Thrust,2,0,0.0,0,0.06510427361111108,0.0,,
split_01,1,dense_ae,dense_ae_relerr,k_of_n,advisory,Battery,2,0,0.0,1,0.06345890611111113,15.758229400442001,,
split_01,1,dense_ae,dense_ae_relerr,k_of_n,advisory,Position.X,145,38,0.2620689655172414,120,2.3575775725,50.89970374665159,4.825293999999992,30.054802999999993
split_01,1,dense_ae,dense_ae_relerr,k_of_n,advisory,Position.Y,96,21,0.21875,76,1.713746643611111,44.34727868517195,5.581906190476192,31.054261000000004
split_01,1,dense_ae,dense_ae_relerr,k_of_n,advisory,Position.Z,121,16,0.1322314049586777,57,1.5845958772222224,35.971316610971066,12.422313249999998,63.03238499999998
split_01,1,dense_ae,dense_ae_relerr,k_of_n,advisory,Velocity,2,2,1.0,0,0.0036470161111110933,0.0,6.505766499999993,7.008757999999943
split_01,1,dense_ae,dense_ae_relerr,cusum,advisory,Actuator Controls,17,1,0.058823529411764705,21,0.5114270366666666,41.06157573692608,6.000157999999942,6.000157999999942
split_01,1,dense_ae,dense_ae_relerr,cusum,advisory,Actuator Outputs,25,5,0.2,27,0.7446180683333333,36.26019989070863,13.5904724,38.040696999999966
split_01,1,dense_ae,dense_ae_relerr,cusum,advisory,Actuator Outputs+Controls,42,6,0.14285714285714285,44,1.2128293091666666,36.27880664446701,12.325419999999989,38.040696999999966
split_01,1,dense_ae,dense_ae_relerr,cusum,advisory,Actuator Thrust,2,0,0.0,0,0.06510427361111108,0.0,,
split_01,1,dense_ae,dense_ae_relerr,cusum,advisory,Battery,2,0,0.0,2,0.06345890611111113,31.516458800884003,,
split_01,1,dense_ae,dense_ae_relerr,cusum,advisory,Position.X,145,56,0.38620689655172413,149,2.3575775725,63.200465485425724,12.018741892857138,58.93031300000001
split_01,1,dense_ae,dense_ae_relerr,cusum,advisory,Position.Y,96,37,0.3854166666666667,132,1.713746643611111,77.02422087424603,10.469508729729734,33.009626000000026
split_01,1,dense_ae,dense_ae_relerr,cusum,advisory,Position.Z,121,18,0.1487603305785124,55,1.5845958772222224,34.709165150937,10.72082672222222,39.044298000000026
split_01,1,dense_ae,dense_ae_relerr,cusum,advisory,Velocity,2,2,1.0,0,0.0036470161111110933,0.0,11.029248999999993,15.037374
split_01,1,dense_ae,dense_ae_rankpct,threshold,critical,Actuator Controls,17,0,0.0,1,0.5114270366666666,1.9553131303298132,,
split_01,1,dense_ae,dense_ae_rankpct,threshold,critical,Actuator Outputs,25,1,0.04,5,0.7446180683333333,6.714851831612708,3.9689970000000017,3.9689970000000017
split_01,1,dense_ae,dense_ae_rankpct,threshold,critical,Actuator Outputs+Controls,42,1,0.023809523809523808,6,1.2128293091666666,4.947109996972774,3.9689970000000017,3.9689970000000017
split_01,1,dense_ae,dense_ae_rankpct,threshold,critical,Actuator Thrust,2,0,0.0,0,0.06510427361111108,0.0,,
split_01,1,dense_ae,dense_ae_rankpct,threshold,critical,Battery,2,0,0.0,0,0.06345890611111113,0.0,,
split_01,1,dense_ae,dense_ae_rankpct,threshold,critical,Position.X,145,77,0.5310344827586206,86,2.3575775725,36.47812101843364,5.74867218181818,64.083507
split_01,1,dense_ae,dense_ae_rankpct,threshold,critical,Position.Y,96,47,0.4895833333333333,96,1.713746643611111,56.01761518126983,10.713761680851066,53.85396999999989
split_01,1,dense_ae,dense_ae_rankpct,threshold,critical,Position.Z,121,2,0.01652892561983471,2,1.5845958772222224,1.2621514600340726,1.4759894999999972,2.9519789999999944
split_01,1,dense_ae,dense_ae_rankpct,threshold,critical,Velocity,2,2,1.0,0,0.0036470161111110933,0.0,4.523490999999979,4.980281999999988
split_01,1,dense_ae,dense_ae_rankpct,k_of_n,critical,Actuator Controls,17,0,0.0,1,0.5114270366666666,1.9553131303298132,,
split_01,1,dense_ae,dense_ae_rankpct,k_of_n,critical,Actuator Outputs,25,0,0.0,7,0.7446180683333333,9.400792564257792,,
split_01,1,dense_ae,dense_ae_rankpct,k_of_n,critical,Actuator Outputs+Controls,42,0,0.0,8,1.2128293091666666,6.596146662630366,,
split_01,1,dense_ae,dense_ae_rankpct,k_of_n,critical,Actuator Thrust,2,0,0.0,0,0.06510427361111108,0.0,,
split_01,1,dense_ae,dense_ae_rankpct,k_of_n,critical,Battery,2,0,0.0,0,0.06345890611111113,0.0,,
split_01,1,dense_ae,dense_ae_rankpct,k_of_n,critical,Position.X,145,65,0.4482758620689655,68,2.3575775725,28.8431654564359,7.135195138461534,85.98408899999998
split_01,1,dense_ae,dense_ae_rankpct,k_of_n,critical,Position.Y,96,31,0.3229166666666667,59,1.713746643611111,34.42749266348875,10.534933387096771,53.04146999999989
split_01,1,dense_ae,dense_ae_rankpct,k_of_n,critical,Position.Z,121,1,0.008264462809917356,3,1.5845958772222224,1.8932271900511088,3.9688449999999875,3.9688449999999875
split_01,1,dense_ae,dense_ae_rankpct,k_of_n,critical,Velocity,2,2,1.0,0,0.0036470161111110933,0.0,6.505766499999993,7.008757999999943
split_01,1,dense_ae,dense_ae_rankpct,cusum,critical,Actuator Controls,17,0,0.0,7,0.5114270366666666,13.687191912308693,,
split_01,1,dense_ae,dense_ae_rankpct,cusum,critical,Actuator Outputs,25,1,0.04,7,0.7446180683333333,9.400792564257792,24.017493,24.017493
split_01,1,dense_ae,dense_ae_rankpct,cusum,critical,Actuator Outputs+Controls,42,1,0.023809523809523808,13,1.2128293091666666,10.718738326774345,24.017493,24.017493
split_01,1,dense_ae,dense_ae_rankpct,cusum,critical,Actuator Thrust,2,0,0.0,0,0.06510427361111108,0.0,,
split_01,1,dense_ae,dense_ae_rankpct,cusum,critical,Battery,2,0,0.0,0,0.06345890611111113,0.0,,
split_01,1,dense_ae,dense_ae_rankpct,cusum,critical,Position.X,145,26,0.1793103448275862,48,2.3575775725,20.359881498660634,31.82252753846153,59.101657
split_01,1,dense_ae,dense_ae_rankpct,cusum,critical,Position.Y,96,23,0.23958333333333334,32,1.713746643611111,18.67253839375661,20.269058043478264,56.831136000000015
split_01,1,dense_ae,dense_ae_rankpct,cusum,critical,Position.Z,121,3,0.024793388429752067,11,1.5845958772222224,6.941833030187399,51.67843833333334,69.021096
split_01,1,dense_ae,dense_ae_rankpct,cusum,critical,Velocity,2,2,1.0,0,0.0036470161111110933,0.0,23.475428000000022,23.99349600000005
split_01,1,dense_ae,dense_ae_rankpct,threshold,advisory,Actuator Controls,17,3,0.17647058823529413,15,0.5114270366666666,29.3296969549472,6.344505999999986,14.962376999999947
split_01,1,dense_ae,dense_ae_rankpct,threshold,advisory,Actuator Outputs,25,7,0.28,52,0.7446180683333333,69.83445904877216,5.534479428571428,15.954968000000008
split_01,1,dense_ae,dense_ae_rankpct,threshold,advisory,Actuator Outputs+Controls,42,10,0.23809523809523808,64,1.2128293091666666,52.769173301042926,5.777487399999996,15.954968000000008
split_01,1,dense_ae,dense_ae_rankpct,threshold,advisory,Actuator Thrust,2,0,0.0,0,0.06510427361111108,0.0,,
split_01,1,dense_ae,dense_ae_rankpct,threshold,advisory,Battery,2,0,0.0,5,0.06345890611111113,78.79114700221001,,
split_01,1,dense_ae,dense_ae_rankpct,threshold,advisory,Position.X,145,41,0.2827586206896552,209,2.3575775725,88.65031735875152,3.2489697073170722,29.075547999999998
split_01,1,dense_ae,dense_ae_rankpct,threshold,advisory,Position.Y,96,28,0.2916666666666667,118,1.713746643611111,68.8549853269775,5.256186071428572,29.050435999999998
split_01,1,dense_ae,dense_ae_rankpct,threshold,advisory,Position.Z,121,23,0.19008264462809918,158,1.5845958772222224,99.70996534269173,7.079734652173912,39.995192
split_01,1,dense_ae,dense_ae_rankpct,threshold,advisory,Velocity,2,2,1.0,2,0.0036470161111110933,548.3935192681898,2.0333499999999844,4.066699999999969
split_01,1,dense_ae,dense_ae_rankpct,k_of_n,advisory,Actuator Controls,17,1,0.058823529411764705,25,0.5114270366666666,48.88282825824533,2.033555999999976,2.033555999999976
split_01,1,dense_ae,dense_ae_rankpct,k_of_n,advisory,Actuator Outputs,25,5,0.2,25,0.7446180683333333,33.57425915806354,10.997910200000018,14.134749
split_01,1,dense_ae,dense_ae_rankpct,k_of_n,advisory,Actuator Outputs+Controls,42,6,0.14285714285714285,49,1.2128293091666666,40.401398308610986,9.503851166666678,14.134749
split_01,1,dense_ae,dense_ae_rankpct,k_of_n,advisory,Actuator Thrust,2,0,0.0,0,0.06510427361111108,0.0,,
split_01,1,dense_ae,dense_ae_rankpct,k_of_n,advisory,Battery,2,0,0.0,4,0.06345890611111113,63.032917601768006,,
split_01,1,dense_ae,dense_ae_rankpct,k_of_n,advisory,Position.X,145,31,0.21379310344827587,118,2.3575775725,50.05137535087406,4.2085033548387,30.054802999999993
split_01,1,dense_ae,dense_ae_rankpct,k_of_n,advisory,Position.Y,96,20,0.20833333333333334,82,1.713746643611111,47.84837963400132,7.096687600000001,31.054261000000004
split_01,1,dense_ae,dense_ae_rankpct,k_of_n,advisory,Position.Z,121,15,0.12396694214876033,99,1.5845958772222224,62.47649727168659,8.122722799999988,31.045530999999983
split_01,1,dense_ae,dense_ae_rankpct,k_of_n,advisory,Velocity,2,1,0.5,1,0.0036470161111110933,274.1967596340949,6.002775000000042,6.002775000000042
split_01,1,dense_ae,dense_ae_rankpct,cusum,advisory,Actuator Controls,17,1,0.058823529411764705,18,0.5114270366666666,35.19563634593664,4.069555000000037,4.069555000000037
split_01,1,dense_ae,dense_ae_rankpct,cusum,advisory,Actuator Outputs,25,7,0.28,20,0.7446180683333333,26.85940732645083,15.25804857142856,18.923224000000005
split_01,1,dense_ae,dense_ae_rankpct,cusum,advisory,Actuator Outputs+Controls,42,8,0.19047619047619047,35,1.2128293091666666,28.858141649007848,13.859486874999995,18.923224000000005
split_01,1,dense_ae,dense_ae_rankpct,cusum,advisory,Actuator Thrust,2,0,0.0,0,0.06510427361111108,0.0,,
split_01,1,dense_ae,dense_ae_rankpct,cusum,advisory,Battery,2,0,0.0,1,0.06345890611111113,15.758229400442001,,
split_01,1,dense_ae,dense_ae_rankpct,cusum,advisory,Position.X,145,62,0.42758620689655175,126,2.3575775725,53.44468893398417,11.57597509677419,42.000382
split_01,1,dense_ae,dense_ae_rankpct,cusum,advisory,Position.Y,96,43,0.4479166666666667,104,1.713746643611111,60.685749779708985,9.764690511627911,38.046847000000014
split_01,1,dense_ae,dense_ae_rankpct,cusum,advisory,Position.Z,121,19,0.15702479338842976,58,1.5845958772222224,36.602392340988104,11.519818052631585,48.984072000000026
split_01,1,dense_ae,dense_ae_rankpct,cusum,advisory,Velocity,2,2,1.0,0,0.0036470161111110933,0.0,7.015350499999954,8.036215999999968
split_02,2,dense_ae,dense_ae_relerr,threshold,critical,Actuator Controls,17,0,0.0,1,0.5114270366666666,1.9553131303298132,,
split_02,2,dense_ae,dense_ae_relerr,threshold,critical,Actuator Outputs,25,1,0.04,3,0.7446180683333333,4.028911098967625,3.9689970000000017,3.9689970000000017
split_02,2,dense_ae,dense_ae_relerr,threshold,critical,Actuator Outputs+Controls,42,1,0.023809523809523808,4,1.2128293091666666,3.298073331315183,3.9689970000000017,3.9689970000000017
split_02,2,dense_ae,dense_ae_relerr,threshold,critical,Actuator Thrust,2,0,0.0,0,0.06510427361111108,0.0,,
split_02,2,dense_ae,dense_ae_relerr,threshold,critical,Battery,2,0,0.0,0,0.06345890611111113,0.0,,
split_02,2,dense_ae,dense_ae_relerr,threshold,critical,Position.X,145,60,0.41379310344827586,43,2.3575775725,18.23906050921682,5.829684249999999,48.083859000000004
split_02,2,dense_ae,dense_ae_relerr,threshold,critical,Position.Y,96,26,0.2708333333333333,65,1.713746643611111,37.92859361231812,4.91924707692308,10.065605999999995
split_02,2,dense_ae,dense_ae_relerr,threshold,critical,Position.Z,121,0,0.0,1,1.5845958772222224,0.6310757300170363,,
split_02,2,dense_ae,dense_ae_relerr,threshold,critical,Velocity,2,2,1.0,0,0.0036470161111110933,0.0,5.030592499999955,5.9944849999999406
split_02,2,dense_ae,dense_ae_relerr,k_of_n,critical,Actuator Controls,17,0,0.0,1,0.5114270366666666,1.9553131303298132,,
split_02,2,dense_ae,dense_ae_relerr,k_of_n,critical,Actuator Outputs,25,0,0.0,4,0.7446180683333333,5.3718814652901665,,
split_02,2,dense_ae,dense_ae_relerr,k_of_n,critical,Actuator Outputs+Controls,42,0,0.0,5,1.2128293091666666,4.122591664143979,,
split_02,2,dense_ae,dense_ae_relerr,k_of_n,critical,Actuator Thrust,2,0,0.0,0,0.06510427361111108,0.0,,
split_02,2,dense_ae,dense_ae_relerr,k_of_n,critical,Battery,2,0,0.0,0,0.06345890611111113,0.0,,
split_02,2,dense_ae,dense_ae_relerr,k_of_n,critical,Position.X,145,55,0.3793103448275862,56,2.3575775725,23.75319508177074,6.14295014545454,40.071492000000006
split_02,2,dense_ae,dense_ae_relerr,k_of_n,critical,Position.Y,96,28,0.2916666666666667,61,1.713746643611111,35.59452631309854,6.329367499999999,31.054261000000004
split_02,2,dense_ae,dense_ae_relerr,k_of_n,critical,Position.Z,121,0,0.0,1,1.5845958772222224,0.6310757300170363,,
split_02,2,dense_ae,dense_ae_relerr,k_of_n,critical,Velocity,2,2,1.0,0,0.0036470161111110933,0.0,7.012512000000015,8.022248999999988
split_02,2,dense_ae,dense_ae_relerr,cusum,critical,Actuator Controls,17,0,0.0,2,0.5114270366666666,3.9106262606596265,,
split_02,2,dense_ae,dense_ae_relerr,cusum,critical,Actuator Outputs,25,1,0.04,2,0.7446180683333333,2.6859407326450833,2.949620999999979,2.949620999999979
split_02,2,dense_ae,dense_ae_relerr,cusum,critical,Actuator Outputs+Controls,42,1,0.023809523809523808,4,1.2128293091666666,3.298073331315183,2.949620999999979,2.949620999999979
split_02,2,dense_ae,dense_ae_relerr,cusum,critical,Actuator Thrust,2,0,0.0,0,0.06510427361111108,0.0,,
split_02,2,dense_ae,dense_ae_relerr,cusum,critical,Battery,2,0,0.0,0,0.06345890611111113,0.0,,
split_02,2,dense_ae,dense_ae_relerr,cusum,critical,Position.X,145,22,0.15172413793103448,30,2.3575775725,12.724925936662897,29.109118909090906,92.16841899999999
split_02,2,dense_ae,dense_ae_relerr,cusum,critical,Position.Y,96,16,0.16666666666666666,45,1.713746643611111,26.258257116220236,24.2361015625,55.87771900000001
split_02,2,dense_ae,dense_ae_relerr,cusum,critical,Position.Z,121,2,0.01652892561983471,1,1.5845958772222224,0.6310757300170363,122.03916249999999,126.061238
split_02,2,dense_ae,dense_ae_relerr,cusum,critical,Velocity,2,2,1.0,0,0.0036470161111110933,0.0,28.50910650000003,33.02471700000001
split_02,2,dense_ae,dense_ae_relerr,threshold,advisory,Actuator Controls,17,0,0.0,13,0.5114270366666666,25.419070694287573,,
split_02,2,dense_ae,dense_ae_relerr,threshold,advisory,Actuator Outputs,25,2,0.08,42,0.7446180683333333,56.40475538554675,9.466403999999983,14.963810999999964
split_02,2,dense_ae,dense_ae_relerr,threshold,advisory,Actuator Outputs+Controls,42,2,0.047619047619047616,49,1.2128293091666666,40.401398308610986,9.466403999999983,14.963810999999964
split_02,2,dense_ae,dense_ae_relerr,threshold,advisory,Actuator Thrust,2,0,0.0,0,0.06510427361111108,0.0,,
split_02,2,dense_ae,dense_ae_relerr,threshold,advisory,Battery,2,0,0.0,1,0.06345890611111113,15.758229400442001,,
split_02,2,dense_ae,dense_ae_relerr,threshold,advisory,Position.X,145,60,0.41379310344827586,190,2.3575775725,80.59119759886501,3.047837583333333,28.051547
split_02,2,dense_ae,dense_ae_relerr,threshold,advisory,Position.Y,96,34,0.3541666666666667,123,1.713746643611111,71.77256945100197,3.884168147058824,29.050435999999998
split_02,2,dense_ae,dense_ae_relerr,threshold,advisory,Position.Z,121,15,0.12396694214876033,79,1.5845958772222224,49.854982671345866,9.404056733333336,52.96678800000001
split_02,2,dense_ae,dense_ae_relerr,threshold,advisory,Velocity,2,2,1.0,0,0.0036470161111110933,0.0,4.523490999999979,4.980281999999988
split_02,2,dense_ae,dense_ae_relerr,k_of_n,advisory,Actuator Controls,17,0,0.0,20,0.5114270366666666,39.10626260659627,,
split_02,2,dense_ae,dense_ae_relerr,k_of_n,advisory,Actuator Outputs,25,2,0.08,35,0.7446180683333333,47.00396282128896,15.466087999999985,26.96317899999997
split_02,2,dense_ae,dense_ae_relerr,k_of_n,advisory,Actuator Outputs+Controls,42,2,0.047619047619047616,49,1.2128293091666666,40.401398308610986,15.466087999999985,26.96317899999997
split_02,2,dense_ae,dense_ae_relerr,k_of_n,advisory,Actuator Thrust,2,0,0.0,0,0.06510427361111108,0.0,,
split_02,2,dense_ae,dense_ae_relerr,k_of_n,advisory,Battery,2,1,0.5,3,0.06345890611111113,47.27468820132601,0.966417999999976,0.966417999999976
split_02,2,dense_ae,dense_ae_relerr,k_of_n,advisory,Position.X,145,47,0.32413793103448274,121,2.3575775725,51.32386794454035,4.742595297872333,30.054802999999993
split_02,2,dense_ae,dense_ae_relerr,k_of_n,advisory,Position.Y,96,26,0.2708333333333333,73,1.713746643611111,42.59672821075727,5.893949730769231,31.054261000000004
split_02,2,dense_ae,dense_ae_relerr,k_of_n,advisory,Position.Z,121,16,0.1322314049586777,93,1.5845958772222224,58.690042891584376,6.042939687499999,22.875485000000026
split_02,2,dense_ae,dense_ae_relerr,k_of_n,advisory,Velocity,2,2,1.0,0,0.0036470161111110933,0.0,6.505766499999993,7.008757999999943
split_02,2,dense_ae,dense_ae_relerr,cusum,advisory,Actuator Controls,17,0,0.0,10,0.5114270366666666,19.553131303298134,,
split_02,2,dense_ae,dense_ae_relerr,cusum,advisory,Actuator Outputs,25,1,0.04,16,0.7446180683333333,21.487525861160666,3.962421000000006,3.962421000000006
split_02,2,dense_ae,dense_ae_relerr,cusum,advisory,Actuator Outputs+Controls,42,1,0.023809523809523808,24,1.2128293091666666,19.788439987891095,3.962421000000006,3.962421000000006
split_02,2,dense_ae,dense_ae_relerr,cusum,advisory,Actuator Thrust,2,0,0.0,0,0.06510427361111108,0.0,,
split_02,2,dense_ae,dense_ae_relerr,cusum,advisory,Battery,2,0,0.0,0,0.06345890611111113,0.0,,
split_02,2,dense_ae,dense_ae_relerr,cusum,advisory,Position.X,145,49,0.33793103448275863,97,2.3575775725,41.14392719521003,11.22022726530612,43.075721
split_02,2,dense_ae,dense_ae_relerr,cusum,advisory,Position.Y,96,42,0.4375,102,1.713746643611111,59.5187161300992,12.396937166666667,38.056542000000036
split_02,2,dense_ae,dense_ae_relerr,cusum,advisory,Position.Z,121,10,0.08264462809917356,23,1.5845958772222224,14.514741790391835,20.985694900000006,58.968384000000015
split_02,2,dense_ae,dense_ae_relerr,cusum,advisory,Velocity,2,2,1.0,0,0.0036470161111110933,0.0,11.02957749999996,14.022938999999951
split_02,2,dense_ae,dense_ae_rankpct,threshold,critical,Actuator Controls,17,0,0.0,1,0.5114270366666666,1.9553131303298132,,
split_02,2,dense_ae,dense_ae_rankpct,threshold,critical,Actuator Outputs,25,1,0.04,3,0.7446180683333333,4.028911098967625,3.9689970000000017,3.9689970000000017
split_02,2,dense_ae,dense_ae_rankpct,threshold,critical,Actuator Outputs+Controls,42,1,0.023809523809523808,4,1.2128293091666666,3.298073331315183,3.9689970000000017,3.9689970000000017
split_02,2,dense_ae,dense_ae_rankpct,threshold,critical,Actuator Thrust,2,0,0.0,0,0.06510427361111108,0.0,,
split_02,2,dense_ae,dense_ae_rankpct,threshold,critical,Battery,2,0,0.0,0,0.06345890611111113,0.0,,
split_02,2,dense_ae,dense_ae_rankpct,threshold,critical,Position.X,145,67,0.46206896551724136,41,2.3575775725,17.39073211343929,4.948634656716418,28.051547
split_02,2,dense_ae,dense_ae_rankpct,threshold,critical,Position.Y,96,30,0.3125,37,1.713746643611111,21.590122517781083,4.468824733333334,29.050435999999998
split_02,2,dense_ae,dense_ae_rankpct,threshold,critical,Position.Z,121,1,0.008264462809917356,2,1.5845958772222224,1.2621514600340726,8.127648999999991,8.127648999999991
split_02,2,dense_ae,dense_ae_rankpct,threshold,critical,Velocity,2,2,1.0,0,0.0036470161111110933,0.0,4.523490999999979,4.980281999999988
split_02,2,dense_ae,dense_ae_rankpct,k_of_n,critical,Actuator Controls,17,0,0.0,1,0.5114270366666666,1.9553131303298132,,
split_02,2,dense_ae,dense_ae_rankpct,k_of_n,critical,Actuator Outputs,25,0,0.0,4,0.7446180683333333,5.3718814652901665,,
split_02,2,dense_ae,dense_ae_rankpct,k_of_n,critical,Actuator Outputs+Controls,42,0,0.0,5,1.2128293091666666,4.122591664143979,,
split_02,2,dense_ae,dense_ae_rankpct,k_of_n,critical,Actuator Thrust,2,0,0.0,0,0.06510427361111108,0.0,,
split_02,2,dense_ae,dense_ae_rankpct,k_of_n,critical,Battery,2,0,0.0,0,0.06345890611111113,0.0,,
split_02,2,dense_ae,dense_ae_rankpct,k_of_n,critical,Position.X,145,63,0.43448275862068964,41,2.3575775725,17.39073211343929,5.408740539682538,30.054802999999993
split_02,2,dense_ae,dense_ae_rankpct,k_of_n,critical,Position.Y,96,27,0.28125,34,1.713746643611111,19.8395720433664,5.968826851851852,31.054261000000004
split_02,2,dense_ae,dense_ae_rankpct,k_of_n,critical,Position.Z,121,0,0.0,3,1.5845958772222224,1.8932271900511088,,
split_02,2,dense_ae,dense_ae_rankpct,k_of_n,critical,Velocity,2,2,1.0,0,0.0036470161111110933,0.0,6.505766499999993,7.008757999999943
split_02,2,dense_ae,dense_ae_rankpct,cusum,critical,Actuator Controls,17,0,0.0,2,0.5114270366666666,3.9106262606596265,,
split_02,2,dense_ae,dense_ae_rankpct,cusum,critical,Actuator Outputs,25,0,0.0,2,0.7446180683333333,2.6859407326450833,,
split_02,2,dense_ae,dense_ae_rankpct,cusum,critical,Actuator Outputs+Controls,42,0,0.0,4,1.2128293091666666,3.298073331315183,,
split_02,2,dense_ae,dense_ae_rankpct,cusum,critical,Actuator Thrust,2,0,0.0,0,0.06510427361111108,0.0,,
split_02,2,dense_ae,dense_ae_rankpct,cusum,critical,Battery,2,0,0.0,0,0.06345890611111113,0.0,,
split_02,2,dense_ae,dense_ae_rankpct,cusum,critical,Position.X,145,21,0.14482758620689656,26,2.3575775725,11.028269145107844,31.875185190476177,78.14008299999999
split_02,2,dense_ae,dense_ae_rankpct,cusum,critical,Position.Y,96,21,0.21875,23,1.713746643611111,13.420886970512564,17.893086285714283,66.95723400000003
split_02,2,dense_ae,dense_ae_rankpct,cusum,critical,Position.Z,121,0,0.0,1,1.5845958772222224,0.6310757300170363,,
split_02,2,dense_ae,dense_ae_rankpct,cusum,critical,Velocity,2,2,1.0,0,0.0036470161111110933,0.0,24.491556000000003,24.989615999999955
split_02,2,dense_ae,dense_ae_rankpct,threshold,advisory,Actuator Controls,17,0,0.0,1,0.5114270366666666,1.9553131303298132,,
split_02,2,dense_ae,dense_ae_rankpct,threshold,advisory,Actuator Outputs,25,3,0.12,15,0.7446180683333333,20.144555494838123,19.62735033333333,37.02480300000002
split_02,2,dense_ae,dense_ae_rankpct,threshold,advisory,Actuator Outputs+Controls,42,3,0.07142857142857142,16,1.2128293091666666,13.192293325260732,19.62735033333333,37.02480300000002
split_02,2,dense_ae,dense_ae_rankpct,threshold,advisory,Actuator Thrust,2,0,0.0,0,0.06510427361111108,0.0,,
split_02,2,dense_ae,dense_ae_rankpct,threshold,advisory,Battery,2,0,0.0,1,0.06345890611111113,15.758229400442001,,
split_02,2,dense_ae,dense_ae_rankpct,threshold,advisory,Position.X,145,68,0.4689655172413793,113,2.3575775725,47.93055436143025,4.113062573529411,61.01619200000002
split_02,2,dense_ae,dense_ae_rankpct,threshold,advisory,Position.Y,96,31,0.3229166666666667,75,1.713746643611111,43.76376186036706,4.330971870967743,29.050435999999998
split_02,2,dense_ae,dense_ae_rankpct,threshold,advisory,Position.Z,121,3,0.024793388429752067,23,1.5845958772222224,14.514741790391835,6.708135666666664,15.040770000000009
split_02,2,dense_ae,dense_ae_rankpct,threshold,advisory,Velocity,2,2,1.0,0,0.0036470161111110933,0.0,4.523490999999979,4.980281999999988
split_02,2,dense_ae,dense_ae_rankpct,k_of_n,advisory,Actuator Controls,17,0,0.0,4,0.5114270366666666,7.821252521319253,,
split_02,2,dense_ae,dense_ae_rankpct,k_of_n,advisory,Actuator Outputs,25,3,0.12,10,0.7446180683333333,13.429703663225416,25.321747666666642,38.040696999999966
split_02,2,dense_ae,dense_ae_rankpct,k_of_n,advisory,Actuator Outputs+Controls,42,3,0.07142857142857142,14,1.2128293091666666,11.54325665960314,25.321747666666642,38.040696999999966
split_02,2,dense_ae,dense_ae_rankpct,k_of_n,advisory,Actuator Thrust,2,0,0.0,0,0.06510427361111108,0.0,,
split_02,2,dense_ae,dense_ae_rankpct,k_of_n,advisory,Battery,2,0,0.0,2,0.06345890611111113,31.516458800884003,,
split_02,2,dense_ae,dense_ae_rankpct,k_of_n,advisory,Position.X,145,54,0.3724137931034483,126,2.3575775725,53.44468893398417,4.338678499999992,30.054802999999993
split_02,2,dense_ae,dense_ae_rankpct,k_of_n,advisory,Position.Y,96,26,0.2708333333333333,88,1.713746643611111,51.34948058283068,5.085797846153844,31.054261000000004
split_02,2,dense_ae,dense_ae_rankpct,k_of_n,advisory,Position.Z,121,6,0.049586776859504134,50,1.5845958772222224,31.553786500851814,4.337007833333327,14.024928999999986
split_02,2,dense_ae,dense_ae_rankpct,k_of_n,advisory,Velocity,2,1,0.5,1,0.0036470161111110933,274.1967596340949,6.002775000000042,6.002775000000042
split_02,2,dense_ae,dense_ae_rankpct,cusum,advisory,Actuator Controls,17,0,0.0,6,0.5114270366666666,11.73187878197888,,
split_02,2,dense_ae,dense_ae_rankpct,cusum,advisory,Actuator Outputs,25,1,0.04,12,0.7446180683333333,16.1156443958705,10.986238999999955,10.986238999999955
split_02,2,dense_ae,dense_ae_rankpct,cusum,advisory,Actuator Outputs+Controls,42,1,0.023809523809523808,17,1.2128293091666666,14.016811658089527,10.986238999999955,10.986238999999955
split_02,2,dense_ae,dense_ae_rankpct,cusum,advisory,Actuator Thrust,2,0,0.0,0,0.06510427361111108,0.0,,
split_02,2,dense_ae,dense_ae_rankpct,cusum,advisory,Battery,2,0,0.0,1,0.06345890611111113,15.758229400442001,,
split_02,2,dense_ae,dense_ae_rankpct,cusum,advisory,Position.X,145,54,0.3724137931034483,94,2.3575775725,39.87143460154375,12.273136944444442,57.90885800000001
split_02,2,dense_ae,dense_ae_rankpct,cusum,advisory,Position.Y,96,44,0.4583333333333333,81,1.713746643611111,47.26486280919642,12.271360568181825,40.072063000000014
split_02,2,dense_ae,dense_ae_rankpct,cusum,advisory,Position.Z,121,9,0.0743801652892562,32,1.5845958772222224,20.194423360545162,30.35241444444444,87.00948799999998
split_02,2,dense_ae,dense_ae_rankpct,cusum,advisory,Velocity,2,2,1.0,0,0.0036470161111110933,0.0,8.536829499999953,9.03744299999994
split_03,3,dense_ae,dense_ae_relerr,threshold,critical,Actuator Controls,17,0,0.0,3,0.5114270366666666,5.86593939098944,,
split_03,3,dense_ae,dense_ae_relerr,threshold,critical,Actuator Outputs,25,1,0.04,5,0.7446180683333333,6.714851831612708,3.9689970000000017,3.9689970000000017
split_03,3,dense_ae,dense_ae_relerr,threshold,critical,Actuator Outputs+Controls,42,1,0.023809523809523808,8,1.2128293091666666,6.596146662630366,3.9689970000000017,3.9689970000000017
split_03,3,dense_ae,dense_ae_relerr,threshold,critical,Actuator Thrust,2,0,0.0,0,0.06510427361111108,0.0,,
split_03,3,dense_ae,dense_ae_relerr,threshold,critical,Battery,2,0,0.0,0,0.06345890611111113,0.0,,
split_03,3,dense_ae,dense_ae_relerr,threshold,critical,Position.X,145,55,0.3793103448275862,103,2.3575775725,43.68891238254261,6.706737872727275,61.07983399999999
split_03,3,dense_ae,dense_ae_relerr,threshold,critical,Position.Y,96,36,0.375,101,1.713746643611111,58.935199305294304,12.165257277777783,47.955287999999996
split_03,3,dense_ae,dense_ae_relerr,threshold,critical,Position.Z,121,1,0.008264462809917356,0,1.5845958772222224,0.0,24.99839300000002,24.99839300000002
split_03,3,dense_ae,dense_ae_relerr,threshold,critical,Velocity,2,2,1.0,0,0.0036470161111110933,0.0,4.523490999999979,4.980281999999988
split_03,3,dense_ae,dense_ae_relerr,k_of_n,critical,Actuator Controls,17,0,0.0,2,0.5114270366666666,3.9106262606596265,,
split_03,3,dense_ae,dense_ae_relerr,k_of_n,critical,Actuator Outputs,25,0,0.0,4,0.7446180683333333,5.3718814652901665,,
split_03,3,dense_ae,dense_ae_relerr,k_of_n,critical,Actuator Outputs+Controls,42,0,0.0,6,1.2128293091666666,4.947109996972774,,
split_03,3,dense_ae,dense_ae_relerr,k_of_n,critical,Actuator Thrust,2,0,0.0,0,0.06510427361111108,0.0,,
split_03,3,dense_ae,dense_ae_relerr,k_of_n,critical,Battery,2,0,0.0,0,0.06345890611111113,0.0,,
split_03,3,dense_ae,dense_ae_relerr,k_of_n,critical,Position.X,145,32,0.2206896551724138,70,2.3575775725,29.691493852213426,10.9314633125,64.11353100000001
split_03,3,dense_ae,dense_ae_relerr,k_of_n,critical,Position.Y,96,20,0.20833333333333334,67,1.713746643611111,39.0956272619279,13.9945243,46.865215000000006
split_03,3,dense_ae,dense_ae_relerr,k_of_n,critical,Position.Z,121,0,0.0,1,1.5845958772222224,0.6310757300170363,,
split_03,3,dense_ae,dense_ae_relerr,k_of_n,critical,Velocity,2,2,1.0,0,0.0036470161111110933,0.0,7.520108999999991,9.03744299999994
split_03,3,dense_ae,dense_ae_relerr,cusum,critical,Actuator Controls,17,0,0.0,2,0.5114270366666666,3.9106262606596265,,
split_03,3,dense_ae,dense_ae_relerr,cusum,critical,Actuator Outputs,25,0,0.0,2,0.7446180683333333,2.6859407326450833,,
split_03,3,dense_ae,dense_ae_relerr,cusum,critical,Actuator Outputs+Controls,42,0,0.0,4,1.2128293091666666,3.298073331315183,,
split_03,3,dense_ae,dense_ae_relerr,cusum,critical,Actuator Thrust,2,0,0.0,0,0.06510427361111108,0.0,,
split_03,3,dense_ae,dense_ae_relerr,cusum,critical,Battery,2,0,0.0,0,0.06345890611111113,0.0,,
split_03,3,dense_ae,dense_ae_relerr,cusum,critical,Position.X,145,9,0.06206896551724138,27,2.3575775725,11.452433342996608,50.885954222222225,78.92299999999999
split_03,3,dense_ae,dense_ae_relerr,cusum,critical,Position.Y,96,19,0.19791666666666666,30,1.713746643611111,17.505504744146823,10.500582052631579,39.06153599999999
split_03,3,dense_ae,dense_ae_relerr,cusum,critical,Position.Z,121,0,0.0,0,1.5845958772222224,0.0,,
split_03,3,dense_ae,dense_ae_relerr,cusum,critical,Velocity,2,2,1.0,0,0.0036470161111110933,0.0,29.016749000000004,34.04000199999996
split_03,3,dense_ae,dense_ae_relerr,threshold,advisory,Actuator Controls,17,0,0.0,2,0.5114270366666666,3.9106262606596265,,
split_03,3,dense_ae,dense_ae_relerr,threshold,advisory,Actuator Outputs,25,1,0.04,5,0.7446180683333333,6.714851831612708,3.9689970000000017,3.9689970000000017
split_03,3,dense_ae,dense_ae_relerr,threshold,advisory,Actuator Outputs+Controls,42,1,0.023809523809523808,7,1.2128293091666666,5.77162832980157,3.9689970000000017,3.9689970000000017
split_03,3,dense_ae,dense_ae_relerr,threshold,advisory,Actuator Thrust,2,0,0.0,0,0.06510427361111108,0.0,,
split_03,3,dense_ae,dense_ae_relerr,threshold,advisory,Battery,2,0,0.0,2,0.06345890611111113,31.516458800884003,,
split_03,3,dense_ae,dense_ae_relerr,threshold,advisory,Position.X,145,56,0.38620689655172413,97,2.3575775725,41.14392719521003,4.101293750000002,28.051547
split_03,3,dense_ae,dense_ae_relerr,threshold,advisory,Position.Y,96,32,0.3333333333333333,67,1.713746643611111,39.0956272619279,4.568991124999997,29.050435999999998
split_03,3,dense_ae,dense_ae_relerr,threshold,advisory,Position.Z,121,4,0.03305785123966942,17,1.5845958772222224,10.728287410289617,10.29079600000001,24.99839300000002
split_03,3,dense_ae,dense_ae_relerr,threshold,advisory,Velocity,2,2,1.0,2,0.0036470161111110933,548.3935192681898,4.523490999999979,4.980281999999988
split_03,3,dense_ae,dense_ae_relerr,k_of_n,advisory,Actuator Controls,17,0,0.0,1,0.5114270366666666,1.9553131303298132,,
split_03,3,dense_ae,dense_ae_relerr,k_of_n,advisory,Actuator Outputs,25,0,0.0,4,0.7446180683333333,5.3718814652901665,,
split_03,3,dense_ae,dense_ae_relerr,k_of_n,advisory,Actuator Outputs+Controls,42,0,0.0,5,1.2128293091666666,4.122591664143979,,
split_03,3,dense_ae,dense_ae_relerr,k_of_n,advisory,Actuator Thrust,2,0,0.0,0,0.06510427361111108,0.0,,
split_03,3,dense_ae,dense_ae_relerr,k_of_n,advisory,Battery,2,0,0.0,1,0.06345890611111113,15.758229400442001,,
split_03,3,dense_ae,dense_ae_relerr,k_of_n,advisory,Position.X,145,46,0.31724137931034485,61,2.3575775725,25.87401607121456,5.7122263260869515,30.054802999999993
split_03,3,dense_ae,dense_ae_relerr,k_of_n,advisory,Position.Y,96,26,0.2708333333333333,45,1.713746643611111,26.258257116220236,6.5774907692307725,31.054261000000004
split_03,3,dense_ae,dense_ae_relerr,k_of_n,advisory,Position.Z,121,1,0.008264462809917356,4,1.5845958772222224,2.5243029200681453,1.9344239999999786,1.9344239999999786
split_03,3,dense_ae,dense_ae_relerr,k_of_n,advisory,Velocity,2,2,1.0,0,0.0036470161111110933,0.0,7.520108999999991,9.03744299999994
split_03,3,dense_ae,dense_ae_relerr,cusum,advisory,Actuator Controls,17,1,0.058823529411764705,5,0.5114270366666666,9.776565651649067,4.071241999999984,4.071241999999984
split_03,3,dense_ae,dense_ae_relerr,cusum,advisory,Actuator Outputs,25,0,0.0,5,0.7446180683333333,6.714851831612708,,
split_03,3,dense_ae,dense_ae_relerr,cusum,advisory,Actuator Outputs+Controls,42,1,0.023809523809523808,10,1.2128293091666666,8.245183328287958,4.071241999999984,4.071241999999984
split_03,3,dense_ae,dense_ae_relerr,cusum,advisory,Actuator Thrust,2,0,0.0,0,0.06510427361111108,0.0,,
split_03,3,dense_ae,dense_ae_relerr,cusum,advisory,Battery,2,0,0.0,0,0.06345890611111113,0.0,,
split_03,3,dense_ae,dense_ae_relerr,cusum,advisory,Position.X,145,39,0.2689655172413793,79,2.3575775725,33.5089716332123,17.303490999999994,73.130816
split_03,3,dense_ae,dense_ae_relerr,cusum,advisory,Position.Y,96,37,0.3854166666666667,95,1.713746643611111,55.43409835646494,12.959840324324324,39.85379500000005
split_03,3,dense_ae,dense_ae_relerr,cusum,advisory,Position.Z,121,0,0.0,2,1.5845958772222224,1.2621514600340726,,
split_03,3,dense_ae,dense_ae_relerr,cusum,advisory,Velocity,2,2,1.0,0,0.0036470161111110933,0.0,11.536794999999984,15.037374
split_03,3,dense_ae,dense_ae_rankpct,threshold,critical,Actuator Controls,17,0,0.0,3,0.5114270366666666,5.86593939098944,,
split_03,3,dense_ae,dense_ae_rankpct,threshold,critical,Actuator Outputs,25,1,0.04,9,0.7446180683333333,12.086733296902874,3.9689970000000017,3.9689970000000017
split_03,3,dense_ae,dense_ae_rankpct,threshold,critical,Actuator Outputs+Controls,42,1,0.023809523809523808,12,1.2128293091666666,9.894219993945548,3.9689970000000017,3.9689970000000017
split_03,3,dense_ae,dense_ae_rankpct,threshold,critical,Actuator Thrust,2,0,0.0,0,0.06510427361111108,0.0,,
split_03,3,dense_ae,dense_ae_rankpct,threshold,critical,Battery,2,0,0.0,1,0.06345890611111113,15.758229400442001,,
split_03,3,dense_ae,dense_ae_rankpct,threshold,critical,Position.X,145,68,0.4689655172413793,115,2.3575775725,48.778882757207775,5.011123058823531,64.083507
split_03,3,dense_ae,dense_ae_rankpct,threshold,critical,Position.Y,96,42,0.4375,95,1.713746643611111,55.43409835646494,7.494590047619043,36.825469
split_03,3,dense_ae,dense_ae_rankpct,threshold,critical,Position.Z,121,2,0.01652892561983471,6,1.5845958772222224,3.7864543801022177,16.563021000000006,24.99839300000002
split_03,3,dense_ae,dense_ae_rankpct,threshold,critical,Velocity,2,2,1.0,2,0.0036470161111110933,548.3935192681898,3.5571374999999534,4.066699999999969
split_03,3,dense_ae,dense_ae_rankpct,k_of_n,critical,Actuator Controls,17,0,0.0,2,0.5114270366666666,3.9106262606596265,,
split_03,3,dense_ae,dense_ae_rankpct,k_of_n,critical,Actuator Outputs,25,0,0.0,5,0.7446180683333333,6.714851831612708,,
split_03,3,dense_ae,dense_ae_rankpct,k_of_n,critical,Actuator Outputs+Controls,42,0,0.0,7,1.2128293091666666,5.77162832980157,,
split_03,3,dense_ae,dense_ae_rankpct,k_of_n,critical,Actuator Thrust,2,0,0.0,0,0.06510427361111108,0.0,,
split_03,3,dense_ae,dense_ae_rankpct,k_of_n,critical,Battery,2,0,0.0,1,0.06345890611111113,15.758229400442001,,
split_03,3,dense_ae,dense_ae_rankpct,k_of_n,critical,Position.X,145,48,0.3310344827586207,72,2.3575775725,30.53982224799095,6.268154375000001,30.054802999999993
split_03,3,dense_ae,dense_ae_rankpct,k_of_n,critical,Position.Y,96,29,0.3020833333333333,56,1.713746643611111,32.67694218907407,5.970891482758625,31.054261000000004
split_03,3,dense_ae,dense_ae_rankpct,k_of_n,critical,Position.Z,121,0,0.0,3,1.5845958772222224,1.8932271900511088,,
split_03,3,dense_ae,dense_ae_rankpct,k_of_n,critical,Velocity,2,2,1.0,0,0.0036470161111110933,0.0,5.491528500000015,6.002775000000042
split_03,3,dense_ae,dense_ae_rankpct,cusum,critical,Actuator Controls,17,0,0.0,2,0.5114270366666666,3.9106262606596265,,
split_03,3,dense_ae,dense_ae_rankpct,cusum,critical,Actuator Outputs,25,0,0.0,2,0.7446180683333333,2.6859407326450833,,
split_03,3,dense_ae,dense_ae_rankpct,cusum,critical,Actuator Outputs+Controls,42,0,0.0,4,1.2128293091666666,3.298073331315183,,
split_03,3,dense_ae,dense_ae_rankpct,cusum,critical,Actuator Thrust,2,0,0.0,0,0.06510427361111108,0.0,,
split_03,3,dense_ae,dense_ae_rankpct,cusum,critical,Battery,2,0,0.0,0,0.06345890611111113,0.0,,
split_03,3,dense_ae,dense_ae_rankpct,cusum,critical,Position.X,145,26,0.1793103448275862,37,2.3575775725,15.69407532188424,27.325748038461537,60.103978
split_03,3,dense_ae,dense_ae_rankpct,cusum,critical,Position.Y,96,23,0.23958333333333334,46,1.713746643611111,26.841773941025128,18.62131156521739,46.966808000000015
split_03,3,dense_ae,dense_ae_rankpct,cusum,critical,Position.Z,121,0,0.0,0,1.5845958772222224,0.0,,
split_03,3,dense_ae,dense_ae_rankpct,cusum,critical,Velocity,2,2,1.0,0,0.0036470161111110933,0.0,25.050364000000002,28.041029999999978
split_03,3,dense_ae,dense_ae_rankpct,threshold,advisory,Actuator Controls,17,0,0.0,3,0.5114270366666666,5.86593939098944,,
split_03,3,dense_ae,dense_ae_rankpct,threshold,advisory,Actuator Outputs,25,5,0.2,18,0.7446180683333333,24.17346659380575,20.180483399999986,36.00812000000002
split_03,3,dense_ae,dense_ae_rankpct,threshold,advisory,Actuator Outputs+Controls,42,5,0.11904761904761904,21,1.2128293091666666,17.31488498940471,20.180483399999986,36.00812000000002
split_03,3,dense_ae,dense_ae_rankpct,threshold,advisory,Actuator Thrust,2,0,0.0,0,0.06510427361111108,0.0,,
split_03,3,dense_ae,dense_ae_rankpct,threshold,advisory,Battery,2,0,0.0,4,0.06345890611111113,63.032917601768006,,
split_03,3,dense_ae,dense_ae_rankpct,threshold,advisory,Position.X,145,52,0.3586206896551724,191,2.3575775725,81.01536179675378,3.7185483269230777,28.051547
split_03,3,dense_ae,dense_ae_rankpct,threshold,advisory,Position.Y,96,31,0.3229166666666667,118,1.713746643611111,68.8549853269775,3.6168871290322606,29.050435999999998
split_03,3,dense_ae,dense_ae_rankpct,threshold,advisory,Position.Z,121,6,0.049586776859504134,53,1.5845958772222224,33.44701369090292,6.862178333333336,24.99839300000002
split_03,3,dense_ae,dense_ae_rankpct,threshold,advisory,Velocity,2,2,1.0,1,0.0036470161111110933,274.1967596340949,2.0333499999999844,4.066699999999969
split_03,3,dense_ae,dense_ae_rankpct,k_of_n,advisory,Actuator Controls,17,0,0.0,7,0.5114270366666666,13.687191912308693,,
split_03,3,dense_ae,dense_ae_rankpct,k_of_n,advisory,Actuator Outputs,25,4,0.16,20,0.7446180683333333,26.85940732645083,18.23374749999998,26.96317899999997
split_03,3,dense_ae,dense_ae_rankpct,k_of_n,advisory,Actuator Outputs+Controls,42,4,0.09523809523809523,25,1.2128293091666666,20.61295832071989,18.23374749999998,26.96317899999997
split_03,3,dense_ae,dense_ae_rankpct,k_of_n,advisory,Actuator Thrust,2,0,0.0,0,0.06510427361111108,0.0,,
split_03,3,dense_ae,dense_ae_rankpct,k_of_n,advisory,Battery,2,0,0.0,3,0.06345890611111113,47.27468820132601,,
split_03,3,dense_ae,dense_ae_rankpct,k_of_n,advisory,Position.X,145,48,0.3310344827586207,143,2.3575775725,60.655480298093146,4.426670729166659,33.531859999999995
split_03,3,dense_ae,dense_ae_rankpct,k_of_n,advisory,Position.Y,96,26,0.2708333333333333,88,1.713746643611111,51.34948058283068,5.232421615384613,31.054261000000004
split_03,3,dense_ae,dense_ae_rankpct,k_of_n,advisory,Position.Z,121,13,0.10743801652892562,73,1.5845958772222224,46.06852829124365,8.097276076923077,36.947213000000005
split_03,3,dense_ae,dense_ae_rankpct,k_of_n,advisory,Velocity,2,1,0.5,1,0.0036470161111110933,274.1967596340949,6.002775000000042,6.002775000000042
split_03,3,dense_ae,dense_ae_rankpct,cusum,advisory,Actuator Controls,17,0,0.0,3,0.5114270366666666,5.86593939098944,,
split_03,3,dense_ae,dense_ae_rankpct,cusum,advisory,Actuator Outputs,25,0,0.0,5,0.7446180683333333,6.714851831612708,,
split_03,3,dense_ae,dense_ae_rankpct,cusum,advisory,Actuator Outputs+Controls,42,0,0.0,8,1.2128293091666666,6.596146662630366,,
split_03,3,dense_ae,dense_ae_rankpct,cusum,advisory,Actuator Thrust,2,0,0.0,0,0.06510427361111108,0.0,,
split_03,3,dense_ae,dense_ae_rankpct,cusum,advisory,Battery,2,0,0.0,0,0.06345890611111113,0.0,,
split_03,3,dense_ae,dense_ae_rankpct,cusum,advisory,Position.X,145,54,0.3724137931034483,104,2.3575775725,44.113076580431375,13.067396648148149,59.93168700000001
split_03,3,dense_ae,dense_ae_rankpct,cusum,advisory,Position.Y,96,40,0.4166666666666667,107,1.713746643611111,62.43630025412367,10.674455025000006,37.87555300000005
split_03,3,dense_ae,dense_ae_rankpct,cusum,advisory,Position.Z,121,3,0.024793388429752067,13,1.5845958772222224,8.203984490221472,13.656692999999988,36.09170700000001
split_03,3,dense_ae,dense_ae_rankpct,cusum,advisory,Velocity,2,2,1.0,0,0.0036470161111110933,0.0,8.029232499999978,8.036215999999968
split_04,4,dense_ae,dense_ae_relerr,threshold,critical,Actuator Controls,17,0,0.0,4,0.5114270366666666,7.821252521319253,,
split_04,4,dense_ae,dense_ae_relerr,threshold,critical,Actuator Outputs,25,2,0.08,21,0.7446180683333333,28.202377692773375,5.4944969999999955,7.019996999999989
split_04,4,dense_ae,dense_ae_relerr,threshold,critical,Actuator Outputs+Controls,42,2,0.047619047619047616,24,1.2128293091666666,19.788439987891095,5.4944969999999955,7.019996999999989
split_04,4,dense_ae,dense_ae_relerr,threshold,critical,Actuator Thrust,2,0,0.0,0,0.06510427361111108,0.0,,
split_04,4,dense_ae,dense_ae_relerr,threshold,critical,Battery,2,0,0.0,1,0.06345890611111113,15.758229400442001,,
split_04,4,dense_ae,dense_ae_relerr,threshold,critical,Position.X,145,58,0.4,184,2.3575775725,78.04621241153244,5.4773988793103445,80.13358900000003
split_04,4,dense_ae,dense_ae_relerr,threshold,critical,Position.Y,96,20,0.20833333333333334,117,1.713746643611111,68.27146850217261,4.465328399999999,19.001848999999993
split_04,4,dense_ae,dense_ae_relerr,threshold,critical,Position.Z,121,10,0.08264462809917356,58,1.5845958772222224,36.602392340988104,6.507728399999996,15.060766000000001
split_04,4,dense_ae,dense_ae_relerr,threshold,critical,Velocity,2,2,1.0,0,0.0036470161111110933,0.0,4.523490999999979,4.980281999999988
split_04,4,dense_ae,dense_ae_relerr,k_of_n,critical,Actuator Controls,17,0,0.0,3,0.5114270366666666,5.86593939098944,,
split_04,4,dense_ae,dense_ae_relerr,k_of_n,critical,Actuator Outputs,25,0,0.0,10,0.7446180683333333,13.429703663225416,,
split_04,4,dense_ae,dense_ae_relerr,k_of_n,critical,Actuator Outputs+Controls,42,0,0.0,12,1.2128293091666666,9.894219993945548,,
split_04,4,dense_ae,dense_ae_relerr,k_of_n,critical,Actuator Thrust,2,0,0.0,0,0.06510427361111108,0.0,,
split_04,4,dense_ae,dense_ae_relerr,k_of_n,critical,Battery,2,0,0.0,1,0.06345890611111113,15.758229400442001,,
split_04,4,dense_ae,dense_ae_relerr,k_of_n,critical,Position.X,145,33,0.22758620689655173,132,2.3575775725,55.989674121316746,10.907951757575754,72.11839600000002
split_04,4,dense_ae,dense_ae_relerr,k_of_n,critical,Position.Y,96,10,0.10416666666666667,78,1.713746643611111,45.51431233478174,8.627280199999998,31.054261000000004
split_04,4,dense_ae,dense_ae_relerr,k_of_n,critical,Position.Z,121,5,0.04132231404958678,42,1.5845958772222224,26.505180660715524,3.1721871999999984,5.997671
split_04,4,dense_ae,dense_ae_relerr,k_of_n,critical,Velocity,2,2,1.0,0,0.0036470161111110933,0.0,6.505766499999993,7.008757999999943
split_04,4,dense_ae,dense_ae_relerr,cusum,critical,Actuator Controls,17,0,0.0,5,0.5114270366666666,9.776565651649067,,
split_04,4,dense_ae,dense_ae_relerr,cusum,critical,Actuator Outputs,25,1,0.04,7,0.7446180683333333,9.400792564257792,12.013238999999999,12.013238999999999
split_04,4,dense_ae,dense_ae_relerr,cusum,critical,Actuator Outputs+Controls,42,1,0.023809523809523808,10,1.2128293091666666,8.245183328287958,12.013238999999999,12.013238999999999
split_04,4,dense_ae,dense_ae_relerr,cusum,critical,Actuator Thrust,2,0,0.0,0,0.06510427361111108,0.0,,
split_04,4,dense_ae,dense_ae_relerr,cusum,critical,Battery,2,0,0.0,0,0.06345890611111113,0.0,,
split_04,4,dense_ae,dense_ae_relerr,cusum,critical,Position.X,145,16,0.1103448275862069,38,2.3575775725,16.118239519773002,38.94557462499998,97.17552199999999
split_04,4,dense_ae,dense_ae_relerr,cusum,critical,Position.Y,96,17,0.17708333333333334,30,1.713746643611111,17.505504744146823,14.81346735294118,46.966808000000015
split_04,4,dense_ae,dense_ae_relerr,cusum,critical,Position.Z,121,13,0.10743801652892562,18,1.5845958772222224,11.359363140306654,16.994715230769227,40.97191800000002
split_04,4,dense_ae,dense_ae_relerr,cusum,critical,Velocity,2,2,1.0,0,0.0036470161111110933,0.0,57.01345650000002,90.03341699999999
split_04,4,dense_ae,dense_ae_relerr,threshold,advisory,Actuator Controls,17,0,0.0,4,0.5114270366666666,7.821252521319253,,
split_04,4,dense_ae,dense_ae_relerr,threshold,advisory,Actuator Outputs,25,1,0.04,20,0.7446180683333333,26.85940732645083,3.9689970000000017,3.9689970000000017
split_04,4,dense_ae,dense_ae_relerr,threshold,advisory,Actuator Outputs+Controls,42,1,0.023809523809523808,23,1.2128293091666666,18.9639216550623,3.9689970000000017,3.9689970000000017
split_04,4,dense_ae,dense_ae_relerr,threshold,advisory,Actuator Thrust,2,0,0.0,1,0.06510427361111108,15.359974768681454,,
split_04,4,dense_ae,dense_ae_relerr,threshold,advisory,Battery,2,0,0.0,5,0.06345890611111113,78.79114700221001,,
split_04,4,dense_ae,dense_ae_relerr,threshold,advisory,Position.X,145,60,0.41379310344827586,164,2.3575775725,69.56292845375717,6.552899183333333,65.10561899999999
split_04,4,dense_ae,dense_ae_relerr,threshold,advisory,Position.Y,96,25,0.2604166666666667,108,1.713746643611111,63.01981707892856,7.20776748,35.01642699999999
split_04,4,dense_ae,dense_ae_relerr,threshold,advisory,Position.Z,121,4,0.03305785123966942,46,1.5845958772222224,29.02948358078367,2.0090132500000033,4.064670000000003
split_04,4,dense_ae,dense_ae_relerr,threshold,advisory,Velocity,2,2,1.0,1,0.0036470161111110933,274.1967596340949,4.523490999999979,4.980281999999988
split_04,4,dense_ae,dense_ae_relerr,k_of_n,advisory,Actuator Controls,17,0,0.0,3,0.5114270366666666,5.86593939098944,,
split_04,4,dense_ae,dense_ae_relerr,k_of_n,advisory,Actuator Outputs,25,0,0.0,15,0.7446180683333333,20.144555494838123,,
split_04,4,dense_ae,dense_ae_relerr,k_of_n,advisory,Actuator Outputs+Controls,42,0,0.0,17,1.2128293091666666,14.016811658089527,,
split_04,4,dense_ae,dense_ae_relerr,k_of_n,advisory,Actuator Thrust,2,0,0.0,1,0.06510427361111108,15.359974768681454,,
split_04,4,dense_ae,dense_ae_relerr,k_of_n,advisory,Battery,2,1,0.5,2,0.06345890611111113,31.516458800884003,0.966417999999976,0.966417999999976
split_04,4,dense_ae,dense_ae_relerr,k_of_n,advisory,Position.X,145,37,0.25517241379310346,129,2.3575775725,54.71718152765046,9.568520297297292,67.10841199999999
split_04,4,dense_ae,dense_ae_relerr,k_of_n,advisory,Position.Y,96,12,0.125,76,1.713746643611111,44.34727868517195,10.016184249999997,35.01642699999999
split_04,4,dense_ae,dense_ae_relerr,k_of_n,advisory,Position.Z,121,5,0.04132231404958678,40,1.5845958772222224,25.243029200681452,3.1721871999999984,5.997671
split_04,4,dense_ae,dense_ae_relerr,k_of_n,advisory,Velocity,2,2,1.0,0,0.0036470161111110933,0.0,6.505766499999993,7.008757999999943
split_04,4,dense_ae,dense_ae_relerr,cusum,advisory,Actuator Controls,17,0,0.0,11,0.5114270366666666,21.508444433627947,,
split_04,4,dense_ae,dense_ae_relerr,cusum,advisory,Actuator Outputs,25,3,0.12,17,0.7446180683333333,22.83049622748321,12.990289333333331,31.028773
split_04,4,dense_ae,dense_ae_relerr,cusum,advisory,Actuator Outputs+Controls,42,3,0.07142857142857142,24,1.2128293091666666,19.788439987891095,12.990289333333331,31.028773
split_04,4,dense_ae,dense_ae_relerr,cusum,advisory,Actuator Thrust,2,0,0.0,0,0.06510427361111108,0.0,,
split_04,4,dense_ae,dense_ae_relerr,cusum,advisory,Battery,2,0,0.0,0,0.06345890611111113,0.0,,
split_04,4,dense_ae,dense_ae_relerr,cusum,advisory,Position.X,145,33,0.22758620689655173,116,2.3575775725,49.20304695509653,14.163254060606056,42.07410899999999
split_04,4,dense_ae,dense_ae_relerr,cusum,advisory,Position.Y,96,30,0.3125,79,1.713746643611111,46.09782915958664,13.653947599999997,37.04815500000001
split_04,4,dense_ae,dense_ae_relerr,cusum,advisory,Position.Z,121,21,0.17355371900826447,80,1.5845958772222224,50.486058401362904,14.291336476190477,40.06915499999997
split_04,4,dense_ae,dense_ae_relerr,cusum,advisory,Velocity,2,2,1.0,0,0.0036470161111110933,0.0,39.53555,71.03488400000003
split_04,4,dense_ae,dense_ae_rankpct,threshold,critical,Actuator Controls,17,0,0.0,1,0.5114270366666666,1.9553131303298132,,
split_04,4,dense_ae,dense_ae_rankpct,threshold,critical,Actuator Outputs,25,2,0.08,9,0.7446180683333333,12.086733296902874,13.985342500000002,24.001688
split_04,4,dense_ae,dense_ae_rankpct,threshold,critical,Actuator Outputs+Controls,42,2,0.047619047619047616,10,1.2128293091666666,8.245183328287958,13.985342500000002,24.001688
split_04,4,dense_ae,dense_ae_rankpct,threshold,critical,Actuator Thrust,2,0,0.0,0,0.06510427361111108,0.0,,
split_04,4,dense_ae,dense_ae_rankpct,threshold,critical,Battery,2,0,0.0,2,0.06345890611111113,31.516458800884003,,
split_04,4,dense_ae,dense_ae_rankpct,threshold,critical,Position.X,145,73,0.503448275862069,145,2.3575775725,61.50380869387067,7.7296183561643845,83.99019300000002
split_04,4,dense_ae,dense_ae_rankpct,threshold,critical,Position.Y,96,30,0.3125,86,1.713746643611111,50.182446933220895,5.889227199999999,29.050435999999998
split_04,4,dense_ae,dense_ae_rankpct,threshold,critical,Position.Z,121,1,0.008264462809917356,27,1.5845958772222224,17.03904471045998,0.0,0.0
split_04,4,dense_ae,dense_ae_rankpct,threshold,critical,Velocity,2,2,1.0,0,0.0036470161111110933,0.0,4.523490999999979,4.980281999999988
split_04,4,dense_ae,dense_ae_rankpct,k_of_n,critical,Actuator Controls,17,0,0.0,5,0.5114270366666666,9.776565651649067,,
split_04,4,dense_ae,dense_ae_rankpct,k_of_n,critical,Actuator Outputs,25,3,0.12,10,0.7446180683333333,13.429703663225416,24.00213066666666,29.00002699999999
split_04,4,dense_ae,dense_ae_rankpct,k_of_n,critical,Actuator Outputs+Controls,42,3,0.07142857142857142,14,1.2128293091666666,11.54325665960314,24.00213066666666,29.00002699999999
split_04,4,dense_ae,dense_ae_rankpct,k_of_n,critical,Actuator Thrust,2,0,0.0,0,0.06510427361111108,0.0,,
split_04,4,dense_ae,dense_ae_rankpct,k_of_n,critical,Battery,2,0,0.0,2,0.06345890611111113,31.516458800884003,,
split_04,4,dense_ae,dense_ae_rankpct,k_of_n,critical,Position.X,145,56,0.38620689655172413,160,2.3575775725,67.86627166220212,8.900173874999995,67.10841199999999
split_04,4,dense_ae,dense_ae_rankpct,k_of_n,critical,Position.Y,96,21,0.21875,94,1.713746643611111,54.85058153166005,8.104444666666662,35.95821599999999
split_04,4,dense_ae,dense_ae_rankpct,k_of_n,critical,Position.Z,121,6,0.049586776859504134,48,1.5845958772222224,30.29163504081774,3.5062380000000015,9.042379999999994
split_04,4,dense_ae,dense_ae_rankpct,k_of_n,critical,Velocity,2,2,1.0,1,0.0036470161111110933,274.1967596340949,32.98135300000001,59.95993099999998
split_04,4,dense_ae,dense_ae_rankpct,cusum,critical,Actuator Controls,17,0,0.0,4,0.5114270366666666,7.821252521319253,,
split_04,4,dense_ae,dense_ae_rankpct,cusum,critical,Actuator Outputs,25,1,0.04,7,0.7446180683333333,9.400792564257792,14.963550999999995,14.963550999999995
split_04,4,dense_ae,dense_ae_rankpct,cusum,critical,Actuator Outputs+Controls,42,1,0.023809523809523808,10,1.2128293091666666,8.245183328287958,14.963550999999995,14.963550999999995
split_04,4,dense_ae,dense_ae_rankpct,cusum,critical,Actuator Thrust,2,0,0.0,0,0.06510427361111108,0.0,,
split_04,4,dense_ae,dense_ae_rankpct,cusum,critical,Battery,2,0,0.0,0,0.06345890611111113,0.0,,
split_04,4,dense_ae,dense_ae_rankpct,cusum,critical,Position.X,145,33,0.22758620689655173,49,2.3575775725,20.7840456965494,21.02041769696969,66.98476200000003
split_04,4,dense_ae,dense_ae_rankpct,cusum,critical,Position.Y,96,16,0.16666666666666666,50,1.713746643611111,29.175841240244704,20.56022268750001,46.93516500000004
split_04,4,dense_ae,dense_ae_rankpct,cusum,critical,Position.Z,121,8,0.06611570247933884,25,1.5845958772222224,15.776893250425907,23.88009625000001,50.009506999999985
split_04,4,dense_ae,dense_ae_rankpct,cusum,critical,Velocity,2,2,1.0,0,0.0036470161111110933,0.0,48.014275,78.039085
split_04,4,dense_ae,dense_ae_rankpct,threshold,advisory,Actuator Controls,17,2,0.11764705882352941,12,0.5114270366666666,23.46375756395776,8.957401499999975,14.962376999999947
split_04,4,dense_ae,dense_ae_rankpct,threshold,advisory,Actuator Outputs,25,9,0.36,35,0.7446180683333333,47.00396282128896,10.747933666666663,25.936882000000026
split_04,4,dense_ae,dense_ae_rankpct,threshold,advisory,Actuator Outputs+Controls,42,11,0.2619047619047619,45,1.2128293091666666,37.103324977295806,10.422382363636357,25.936882000000026
split_04,4,dense_ae,dense_ae_rankpct,threshold,advisory,Actuator Thrust,2,0,0.0,0,0.06510427361111108,0.0,,
split_04,4,dense_ae,dense_ae_rankpct,threshold,advisory,Battery,2,0,0.0,4,0.06345890611111113,63.032917601768006,,
split_04,4,dense_ae,dense_ae_rankpct,threshold,advisory,Position.X,145,69,0.47586206896551725,237,2.3575775725,100.52691489963689,6.173328057971015,65.10561899999999
split_04,4,dense_ae,dense_ae_rankpct,threshold,advisory,Position.Y,96,34,0.3541666666666667,156,1.713746643611111,91.02862466956348,6.215358264705885,34.02529300000003
split_04,4,dense_ae,dense_ae_rankpct,threshold,advisory,Position.Z,121,13,0.10743801652892562,104,1.5845958772222224,65.63187592177178,22.001577307692305,210.960291
split_04,4,dense_ae,dense_ae_rankpct,threshold,advisory,Velocity,2,2,1.0,2,0.0036470161111110933,548.3935192681898,28.5606085,53.05451700000003
split_04,4,dense_ae,dense_ae_rankpct,k_of_n,advisory,Actuator Controls,17,2,0.11764705882352941,14,0.5114270366666666,27.374383824617386,9.974055499999992,16.99568499999998
split_04,4,dense_ae,dense_ae_rankpct,k_of_n,advisory,Actuator Outputs,25,6,0.24,26,0.7446180683333333,34.91722952438608,12.968284999999995,18.930746
split_04,4,dense_ae,dense_ae_rankpct,k_of_n,advisory,Actuator Outputs+Controls,42,8,0.19047619047619047,34,1.2128293091666666,28.033623316179053,12.219727624999994,18.930746
split_04,4,dense_ae,dense_ae_rankpct,k_of_n,advisory,Actuator Thrust,2,0,0.0,0,0.06510427361111108,0.0,,
split_04,4,dense_ae,dense_ae_rankpct,k_of_n,advisory,Battery,2,0,0.0,3,0.06345890611111113,47.27468820132601,,
split_04,4,dense_ae,dense_ae_rankpct,k_of_n,advisory,Position.X,145,46,0.31724137931034485,146,2.3575775725,61.92797289175943,7.399041347826079,67.10841199999999
split_04,4,dense_ae,dense_ae_rankpct,k_of_n,advisory,Position.Y,96,20,0.20833333333333334,97,1.713746643611111,56.60113200607473,7.807822099999997,35.95821599999999
split_04,4,dense_ae,dense_ae_rankpct,k_of_n,advisory,Position.Z,121,14,0.11570247933884298,107,1.5845958772222224,67.52510311182289,5.7257008571428525,32.979411
split_04,4,dense_ae,dense_ae_rankpct,k_of_n,advisory,Velocity,2,2,1.0,1,0.0036470161111110933,274.1967596340949,32.98135300000001,59.95993099999998
split_04,4,dense_ae,dense_ae_rankpct,cusum,advisory,Actuator Controls,17,1,0.058823529411764705,14,0.5114270366666666,27.374383824617386,1.932329999999979,1.932329999999979
split_04,4,dense_ae,dense_ae_rankpct,cusum,advisory,Actuator Outputs,25,7,0.28,20,0.7446180683333333,26.85940732645083,14.007853285714285,38.040696999999966
split_04,4,dense_ae,dense_ae_rankpct,cusum,advisory,Actuator Outputs+Controls,42,8,0.19047619047619047,30,1.2128293091666666,24.73554998486387,12.498412874999996,38.040696999999966
split_04,4,dense_ae,dense_ae_rankpct,cusum,advisory,Actuator Thrust,2,0,0.0,0,0.06510427361111108,0.0,,
split_04,4,dense_ae,dense_ae_rankpct,cusum,advisory,Battery,2,0,0.0,4,0.06345890611111113,63.032917601768006,,
split_04,4,dense_ae,dense_ae_rankpct,cusum,advisory,Position.X,145,52,0.3586206896551724,148,2.3575775725,62.77630128753696,11.299103519230773,35.98880499999996
split_04,4,dense_ae,dense_ae_rankpct,cusum,advisory,Position.Y,96,43,0.4479166666666667,103,1.713746643611111,60.102232954904096,9.971785906976747,40.02355
split_04,4,dense_ae,dense_ae_rankpct,cusum,advisory,Position.Z,121,24,0.19834710743801653,82,1.5845958772222224,51.74820986139697,11.455655458333334,38.03041400000001
split_04,4,dense_ae,dense_ae_rankpct,cusum,advisory,Velocity,2,2,1.0,0,0.0036470161111110933,0.0,4.018118500000014,7.021123999999986
